tick,sim_time,ambient_temp_c,wind_speed_kmh,readiness,network_online,vehicle_id,lat,lon,speed_kmh,heading_deg,fuel_pct,battery_pct,engine_temp_c,vehicle_status
1,Day 01 00:01,-24.95,14.0,NOMINAL,True,HELI-01,-69.75,39.58,0.0,0.0,92.85714285714286,100.0,20.0,AVAILABLE
1,Day 01 00:01,-24.95,14.0,NOMINAL,True,VEH-01-SNOWCAT,-69.75,39.58,0.0,0.0,96.0,100.0,20.0,AVAILABLE
1,Day 01 00:01,-24.95,14.0,NOMINAL,True,VEH-02-SNOWCAT,-69.75,39.58,0.0,0.0,100.0,100.0,20.0,AVAILABLE
1,Day 01 00:01,-24.95,14.0,NOMINAL,True,SKIDOO-01,-69.78,39.65,0.0,0.0,91.66666666666666,98.0,20.0,AVAILABLE
1,Day 01 00:01,-24.95,14.0,NOMINAL,True,SKIDOO-02,-69.75,39.58,0.0,0.0,96.66666666666667,99.0,20.0,AVAILABLE
1,Day 01 00:01,-24.95,14.0,NOMINAL,True,BULLY-01,-69.75,39.58,0.0,0.0,91.42857142857143,100.0,20.0,AVAILABLE
2,Day 01 00:02,-24.81,12.1,NOMINAL,True,HELI-01,-69.75,39.58,0.0,0.0,92.85714285714286,100.0,20.0,AVAILABLE
2,Day 01 00:02,-24.81,12.1,NOMINAL,True,VEH-01-SNOWCAT,-69.75,39.58,0.0,0.0,96.0,100.0,20.0,AVAILABLE
2,Day 01 00:02,-24.81,12.1,NOMINAL,True,VEH-02-SNOWCAT,-69.75,39.58,0.0,0.0,100.0,100.0,20.0,AVAILABLE
2,Day 01 00:02,-24.81,12.1,NOMINAL,True,SKIDOO-01,-69.78,39.65,0.0,0.0,91.66666666666666,98.0,20.0,AVAILABLE
2,Day 01 00:02,-24.81,12.1,NOMINAL,True,SKIDOO-02,-69.75,39.58,0.0,0.0,96.66666666666667,99.0,20.0,AVAILABLE
2,Day 01 00:02,-24.81,12.1,NOMINAL,True,BULLY-01,-69.75,39.58,0.0,0.0,91.42857142857143,100.0,20.0,AVAILABLE
3,Day 01 00:03,-24.79,11.8,NOMINAL,True,HELI-01,-69.75,39.58,0.0,0.0,92.85714285714286,100.0,20.0,AVAILABLE
3,Day 01 00:03,-24.79,11.8,NOMINAL,True,VEH-01-SNOWCAT,-69.75,39.58,0.0,0.0,96.0,100.0,20.0,AVAILABLE
3,Day 01 00:03,-24.79,11.8,NOMINAL,True,VEH-02-SNOWCAT,-69.75,39.58,0.0,0.0,100.0,100.0,20.0,AVAILABLE
3,Day 01 00:03,-24.79,11.8,NOMINAL,True,SKIDOO-01,-69.78,39.65,0.0,0.0,91.66666666666666,98.0,20.0,AVAILABLE
3,Day 01 00:03,-24.79,11.8,NOMINAL,True,SKIDOO-02,-69.75,39.58,0.0,0.0,96.66666666666667,99.0,20.0,AVAILABLE
3,Day 01 00:03,-24.79,11.8,NOMINAL,True,BULLY-01,-69.75,39.58,0.0,0.0,91.42857142857143,100.0,20.0,AVAILABLE
4,Day 01 00:04,-24.92,12.7,NOMINAL,True,HELI-01,-69.75,39.58,0.0,0.0,92.85714285714286,100.0,20.0,AVAILABLE
4,Day 01 00:04,-24.92,12.7,NOMINAL,True,VEH-01-SNOWCAT,-69.75,39.58,0.0,0.0,96.0,100.0,20.0,AVAILABLE
4,Day 01 00:04,-24.92,12.7,NOMINAL,True,VEH-02-SNOWCAT,-69.75,39.58,0.0,0.0,100.0,100.0,20.0,AVAILABLE
4,Day 01 00:04,-24.92,12.7,NOMINAL,True,SKIDOO-01,-69.78,39.65,0.0,0.0,91.66666666666666,98.0,20.0,AVAILABLE
4,Day 01 00:04,-24.92,12.7,NOMINAL,True,SKIDOO-02,-69.75,39.58,0.0,0.0,96.66666666666667,99.0,20.0,AVAILABLE
4,Day 01 00:04,-24.92,12.7,NOMINAL,True,BULLY-01,-69.75,39.58,0.0,0.0,91.42857142857143,100.0,20.0,AVAILABLE
5,Day 01 00:05,-24.91,13.8,NOMINAL,True,HELI-01,-69.75,39.58,0.0,0.0,92.85714285714286,100.0,20.0,AVAILABLE
5,Day 01 00:05,-24.91,13.8,NOMINAL,True,VEH-01-SNOWCAT,-69.751944,39.583887,24.1,145.3,95.86399999999999,99.99,79.6,IN_TRANSIT
5,Day 01 00:05,-24.91,13.8,NOMINAL,True,VEH-02-SNOWCAT,-69.75,39.58,0.0,0.0,100.0,100.0,20.0,AVAILABLE
5,Day 01 00:05,-24.91,13.8,NOMINAL,True,SKIDOO-01,-69.78,39.65,0.0,0.0,91.66666666666666,98.0,20.0,AVAILABLE
5,Day 01 00:05,-24.91,13.8,NOMINAL,True,SKIDOO-02,-69.75,39.58,0.0,0.0,96.66666666666667,99.0,20.0,AVAILABLE
5,Day 01 00:05,-24.91,13.8,NOMINAL,True,BULLY-01,-69.75,39.58,0.0,0.0,91.42857142857143,100.0,20.0,AVAILABLE
6,Day 01 00:06,-25.05,14.7,NOMINAL,True,HELI-01,-69.75,39.58,0.0,0.0,92.85714285714286,100.0,19.9,AVAILABLE
6,Day 01 00:06,-25.05,14.7,NOMINAL,True,VEH-01-SNOWCAT,-69.753839,39.587677,23.5,145.3,95.732,99.98,79.9,IN_TRANSIT
6,Day 01 00:06,-25.05,14.7,NOMINAL,True,VEH-02-SNOWCAT,-69.75,39.58,0.0,0.0,100.0,100.0,19.9,AVAILABLE
6,Day 01 00:06,-25.05,14.7,NOMINAL,True,SKIDOO-01,-69.78,39.65,0.0,0.0,91.66666666666666,98.0,19.9,AVAILABLE
6,Day 01 00:06,-25.05,14.7,NOMINAL,True,SKIDOO-02,-69.75,39.58,0.0,0.0,96.66666666666667,99.0,19.9,AVAILABLE
6,Day 01 00:06,-25.05,14.7,NOMINAL,True,BULLY-01,-69.75,39.58,0.0,0.0,91.42857142857143,100.0,19.9,AVAILABLE
7,Day 01 00:07,-24.87,14.5,NOMINAL,True,HELI-01,-69.75,39.58,0.0,0.0,92.85714285714286,100.0,19.9,AVAILABLE
7,Day 01 00:07,-24.87,14.5,NOMINAL,True,VEH-01-SNOWCAT,-69.755702,39.591403,23.1,145.3,95.6,99.97,79.8,IN_TRANSIT
7,Day 01 00:07,-24.87,14.5,NOMINAL,True,VEH-02-SNOWCAT,-69.75,39.58,0.0,0.0,100.0,100.0,19.9,AVAILABLE
7,Day 01 00:07,-24.87,14.5,NOMINAL,True,SKIDOO-01,-69.78,39.65,0.0,0.0,91.66666666666666,98.0,19.9,AVAILABLE
7,Day 01 00:07,-24.87,14.5,NOMINAL,True,SKIDOO-02,-69.75,39.58,0.0,0.0,96.66666666666667,99.0,19.9,AVAILABLE
7,Day 01 00:07,-24.87,14.5,NOMINAL,True,BULLY-01,-69.75,39.58,0.0,0.0,91.42857142857143,100.0,19.9,AVAILABLE
8,Day 01 00:08,-24.82,14.9,NOMINAL,True,HELI-01,-69.75,39.58,0.0,0.0,92.85714285714286,100.0,19.9,AVAILABLE
8,Day 01 00:08,-24.82,14.9,NOMINAL,True,VEH-01-SNOWCAT,-69.757629,39.595258,23.9,145.3,95.464,99.96,81.1,IN_TRANSIT
8,Day 01 00:08,-24.82,14.9,NOMINAL,True,VEH-02-SNOWCAT,-69.75,39.58,0.0,0.0,100.0,100.0,19.9,AVAILABLE
8,Day 01 00:08,-24.82,14.9,NOMINAL,True,SKIDOO-01,-69.78,39.65,0.0,0.0,91.66666666666666,98.0,19.9,AVAILABLE
8,Day 01 00:08,-24.82,14.9,NOMINAL,True,SKIDOO-02,-69.75,39.58,0.0,0.0,96.66666666666667,99.0,19.9,AVAILABLE
8,Day 01 00:08,-24.82,14.9,NOMINAL,True,BULLY-01,-69.75,39.58,0.0,0.0,91.42857142857143,100.0,19.9,AVAILABLE
9,Day 01 00:09,-24.9,14.1,NOMINAL,True,HELI-01,-69.75,39.58,0.0,0.0,92.85714285714286,100.0,19.9,AVAILABLE
9,Day 01 00:09,-24.9,14.1,NOMINAL,True,VEH-01-SNOWCAT,-69.759581,39.599161,24.2,145.3,95.328,99.95,80.6,IN_TRANSIT
9,Day 01 00:09,-24.9,14.1,NOMINAL,True,VEH-02-SNOWCAT,-69.75,39.58,0.0,0.0,100.0,100.0,19.9,AVAILABLE
9,Day 01 00:09,-24.9,14.1,NOMINAL,True,SKIDOO-01,-69.78,39.65,0.0,0.0,91.66666666666666,98.0,19.9,AVAILABLE
9,Day 01 00:09,-24.9,14.1,NOMINAL,True,SKIDOO-02,-69.75,39.58,0.0,0.0,96.66666666666667,99.0,19.9,AVAILABLE
9,Day 01 00:09,-24.9,14.1,NOMINAL,True,BULLY-01,-69.75,39.58,0.0,0.0,91.42857142857143,100.0,19.9,AVAILABLE
10,Day 01 00:10,-25.03,13.3,NOMINAL,False,HELI-01,-69.75,39.58,0.0,0.0,92.85714285714286,100.0,19.9,AVAILABLE
10,Day 01 00:10,-25.03,13.3,NOMINAL,False,VEH-01-SNOWCAT,-69.76154,39.603081,24.3,145.3,95.192,99.94,80.4,IN_TRANSIT
10,Day 01 00:10,-25.03,13.3,NOMINAL,False,VEH-02-SNOWCAT,-69.75,39.58,0.0,0.0,100.0,100.0,19.9,AVAILABLE
10,Day 01 00:10,-25.03,13.3,NOMINAL,False,SKIDOO-01,-69.78,39.65,0.0,0.0,91.66666666666666,98.0,19.9,AVAILABLE
10,Day 01 00:10,-25.03,13.3,NOMINAL,False,SKIDOO-02,-69.75,39.58,0.0,0.0,96.66666666666667,99.0,19.9,AVAILABLE
10,Day 01 00:10,-25.03,13.3,NOMINAL,False,BULLY-01,-69.75,39.58,0.0,0.0,91.42857142857143,100.0,19.9,AVAILABLE
11,Day 01 00:11,-25.13,13.5,NOMINAL,False,HELI-01,-69.75,39.58,0.0,0.0,92.85714285714286,100.0,19.8,AVAILABLE
11,Day 01 00:11,-25.13,13.5,NOMINAL,False,VEH-01-SNOWCAT,-69.76346,39.606919,23.8,145.3,95.056,99.93,80.1,IN_TRANSIT
11,Day 01 00:11,-25.13,13.5,NOMINAL,False,VEH-02-SNOWCAT,-69.75,39.58,0.0,0.0,100.0,100.0,19.8,AVAILABLE
11,Day 01 00:11,-25.13,13.5,NOMINAL,False,SKIDOO-01,-69.78,39.65,0.0,0.0,91.66666666666666,98.0,19.8,AVAILABLE
11,Day 01 00:11,-25.13,13.5,NOMINAL,False,SKIDOO-02,-69.75,39.58,0.0,0.0,96.66666666666667,99.0,19.8,AVAILABLE
11,Day 01 00:11,-25.13,13.5,NOMINAL,False,BULLY-01,-69.75,39.58,0.0,0.0,91.42857142857143,100.0,19.8,AVAILABLE
12,Day 01 00:12,-25.1,14.2,NOMINAL,False,HELI-01,-69.75,39.58,0.0,0.0,92.85714285714286,100.0,19.8,AVAILABLE
12,Day 01 00:12,-25.1,14.2,NOMINAL,False,VEH-01-SNOWCAT,-69.765363,39.610968,23.6,137.3,94.92399999999999,99.92,80.1,IN_TRANSIT
12,Day 01 00:12,-25.1,14.2,NOMINAL,False,VEH-02-SNOWCAT,-69.75,39.58,0.0,0.0,100.0,100.0,19.8,AVAILABLE
12,Day 01 00:12,-25.1,14.2,NOMINAL,False,SKIDOO-01,-69.78,39.65,0.0,0.0,91.66666666666666,98.0,19.8,AVAILABLE
12,Day 01 00:12,-25.1,14.2,NOMINAL,False,SKIDOO-02,-69.75,39.58,0.0,0.0,96.66666666666667,99.0,19.8,AVAILABLE
12,Day 01 00:12,-25.1,14.2,NOMINAL,False,BULLY-01,-69.75,39.58,0.0,0.0,91.42857142857143,100.0,19.8,AVAILABLE
13,Day 01 00:13,-25.32,13.9,NOMINAL,False,HELI-01,-69.75,39.58,0.0,0.0,92.85714285714286,100.0,19.7,AVAILABLE
13,Day 01 00:13,-25.32,13.9,NOMINAL,False,VEH-01-SNOWCAT,-69.767226,39.615935,23.1,137.3,94.792,99.91,79.7,IN_TRANSIT
13,Day 01 00:13,-25.32,13.9,NOMINAL,False,VEH-02-SNOWCAT,-69.75,39.58,0.0,0.0,100.0,100.0,19.7,AVAILABLE
13,Day 01 00:13,-25.32,13.9,NOMINAL,False,SKIDOO-01,-69.78,39.65,0.0,0.0,91.66666666666666,98.0,19.7,AVAILABLE
13,Day 01 00:13,-25.32,13.9,NOMINAL,False,SKIDOO-02,-69.75,39.58,0.0,0.0,96.66666666666667,99.0,19.7,AVAILABLE
13,Day 01 00:13,-25.32,13.9,NOMINAL,False,BULLY-01,-69.75,39.58,0.0,0.0,91.42857142857143,100.0,19.7,AVAILABLE
14,Day 01 00:14,-25.1,13.0,NOMINAL,False,HELI-01,-69.75,39.58,0.0,0.0,92.85714285714286,100.0,19.7,AVAILABLE
14,Day 01 00:14,-25.1,13.0,NOMINAL,False,VEH-01-SNOWCAT,-69.769218,39.621247,24.7,137.3,94.652,99.9,79.2,IN_TRANSIT
14,Day 01 00:14,-25.1,13.0,NOMINAL,False,VEH-02-SNOWCAT,-69.75,39.58,0.0,0.0,100.0,100.0,19.7,AVAILABLE
14,Day 01 00:14,-25.1,13.0,NOMINAL,False,SKIDOO-01,-69.78,39.65,0.0,0.0,91.66666666666666,98.0,19.7,AVAILABLE
14,Day 01 00:14,-25.1,13.0,NOMINAL,False,SKIDOO-02,-69.75,39.58,0.0,0.0,96.66666666666667,99.0,19.7,AVAILABLE
14,Day 01 00:14,-25.1,13.0,NOMINAL,False,BULLY-01,-69.75,39.58,0.0,0.0,91.42857142857143,100.0,19.7,AVAILABLE
15,Day 01 00:15,-25.08,13.6,NOMINAL,False,HELI-01,-69.75,39.58,0.0,0.0,92.85714285714286,100.0,19.7,AVAILABLE
15,Day 01 00:15,-25.08,13.6,NOMINAL,False,VEH-01-SNOWCAT,-69.771185,39.626495,24.4,137.3,94.512,99.89,80.4,IN_TRANSIT
15,Day 01 00:15,-25.08,13.6,NOMINAL,False,VEH-02-SNOWCAT,-69.75,39.58,0.0,0.0,100.0,100.0,19.7,AVAILABLE
15,Day 01 00:15,-25.08,13.6,NOMINAL,False,SKIDOO-01,-69.78,39.65,0.0,0.0,91.66666666666666,98.0,19.7,AVAILABLE
15,Day 01 00:15,-25.08,13.6,NOMINAL,False,SKIDOO-02,-69.75,39.58,0.0,0.0,96.66666666666667,99.0,19.7,AVAILABLE
15,Day 01 00:15,-25.08,13.6,NOMINAL,False,BULLY-01,-69.75,39.58,0.0,0.0,91.42857142857143,100.0,19.7,AVAILABLE
16,Day 01 00:16,-25.15,14.5,NOMINAL,False,HELI-01,-69.75,39.58,0.0,0.0,92.85714285714286,100.0,19.7,AVAILABLE
16,Day 01 00:16,-25.15,14.5,NOMINAL,False,VEH-01-SNOWCAT,-69.773073,39.631527,23.4,137.3,94.38,99.88,79.4,IN_TRANSIT
16,Day 01 00:16,-25.15,14.5,NOMINAL,False,VEH-02-SNOWCAT,-69.75,39.58,0.0,0.0,100.0,100.0,19.7,AVAILABLE
16,Day 01 00:16,-25.15,14.5,NOMINAL,False,SKIDOO-01,-69.78,39.65,0.0,0.0,91.66666666666666,98.0,19.7,AVAILABLE
16,Day 01 00:16,-25.15,14.5,NOMINAL,False,SKIDOO-02,-69.75,39.58,0.0,0.0,96.66666666666667,99.0,19.7,AVAILABLE
16,Day 01 00:16,-25.15,14.5,NOMINAL,False,BULLY-01,-69.75,39.58,0.0,0.0,91.42857142857143,100.0,19.7,AVAILABLE
17,Day 01 00:17,-25.29,15.0,NOMINAL,False,HELI-01,-69.75,39.58,0.0,0.0,92.85714285714286,100.0,19.7,AVAILABLE
17,Day 01 00:17,-25.29,15.0,NOMINAL,False,VEH-01-SNOWCAT,-69.774976,39.636602,23.6,137.3,94.248,99.87,80.3,IN_TRANSIT
17,Day 01 00:17,-25.29,15.0,NOMINAL,False,VEH-02-SNOWCAT,-69.75,39.58,0.0,0.0,100.0,100.0,19.7,AVAILABLE
17,Day 01 00:17,-25.29,15.0,NOMINAL,False,SKIDOO-01,-69.78,39.65,0.0,0.0,91.66666666666666,98.0,19.7,AVAILABLE
17,Day 01 00:17,-25.29,15.0,NOMINAL,False,SKIDOO-02,-69.75,39.58,0.0,0.0,96.66666666666667,99.0,19.7,AVAILABLE
17,Day 01 00:17,-25.29,15.0,NOMINAL,False,BULLY-01,-69.75,39.58,0.0,0.0,91.42857142857143,100.0,19.7,AVAILABLE
18,Day 01 00:18,-25.27,15.6,NOMINAL,False,HELI-01,-69.75,39.58,0.0,0.0,92.85714285714286,100.0,19.7,AVAILABLE
18,Day 01 00:18,-25.27,15.6,NOMINAL,False,VEH-01-SNOWCAT,-69.776839,39.64157,23.1,137.3,94.116,99.86,80.2,IN_TRANSIT
18,Day 01 00:18,-25.27,15.6,NOMINAL,False,VEH-02-SNOWCAT,-69.75,39.58,0.0,0.0,100.0,100.0,19.7,AVAILABLE
18,Day 01 00:18,-25.27,15.6,NOMINAL,False,SKIDOO-01,-69.78,39.65,0.0,0.0,91.66666666666666,98.0,19.7,AVAILABLE
18,Day 01 00:18,-25.27,15.6,NOMINAL,False,SKIDOO-02,-69.75,39.58,0.0,0.0,96.66666666666667,99.0,19.7,AVAILABLE
18,Day 01 00:18,-25.27,15.6,NOMINAL,False,BULLY-01,-69.75,39.58,0.0,0.0,91.42857142857143,100.0,19.7,AVAILABLE
19,Day 01 00:19,-25.32,15.2,NOMINAL,False,HELI-01,-69.75,39.58,0.0,0.0,92.85714285714286,100.0,19.6,AVAILABLE
19,Day 01 00:19,-25.32,15.2,NOMINAL,False,VEH-01-SNOWCAT,-69.778637,39.646366,22.3,137.3,93.988,99.85,80.2,IN_TRANSIT
19,Day 01 00:19,-25.32,15.2,NOMINAL,False,VEH-02-SNOWCAT,-69.75,39.58,0.0,0.0,100.0,100.0,19.6,AVAILABLE
19,Day 01 00:19,-25.32,15.2,NOMINAL,False,SKIDOO-01,-69.78,39.65,0.0,0.0,91.66666666666666,98.0,19.6,AVAILABLE
19,Day 01 00:19,-25.32,15.2,NOMINAL,False,SKIDOO-02,-69.75,39.58,0.0,0.0,96.66666666666667,99.0,19.6,AVAILABLE
19,Day 01 00:19,-25.32,15.2,NOMINAL,False,BULLY-01,-69.75,39.58,0.0,0.0,91.42857142857143,100.0,19.6,AVAILABLE
20,Day 01 00:20,-25.32,15.7,NOMINAL,False,HELI-01,-69.75,39.58,0.0,0.0,92.85714285714286,100.0,19.6,AVAILABLE
20,Day 01 00:20,-25.32,15.7,NOMINAL,False,VEH-01-SNOWCAT,-69.78,39.65,0.0,137.3,93.852,99.84,80.3,AVAILABLE
20,Day 01 00:20,-25.32,15.7,NOMINAL,False,VEH-02-SNOWCAT,-69.75,39.58,0.0,0.0,100.0,100.0,19.6,AVAILABLE
20,Day 01 00:20,-25.32,15.7,NOMINAL,False,SKIDOO-01,-69.78,39.65,0.0,0.0,91.66666666666666,98.0,19.6,AVAILABLE
20,Day 01 00:20,-25.32,15.7,NOMINAL,False,SKIDOO-02,-69.75,39.58,0.0,0.0,96.66666666666667,99.0,19.6,AVAILABLE
20,Day 01 00:20,-25.32,15.7,NOMINAL,False,BULLY-01,-69.75,39.58,0.0,0.0,91.42857142857143,100.0,19.6,AVAILABLE
21,Day 01 00:21,-25.38,15.6,NOMINAL,False,HELI-01,-69.75,39.58,0.0,0.0,92.85714285714286,100.0,19.6,AVAILABLE
21,Day 01 00:21,-25.38,15.6,NOMINAL,False,VEH-01-SNOWCAT,-69.78,39.65,0.0,137.3,93.852,99.84,80.1,AVAILABLE
21,Day 01 00:21,-25.38,15.6,NOMINAL,False,VEH-02-SNOWCAT,-69.75,39.58,0.0,0.0,100.0,100.0,19.6,AVAILABLE
21,Day 01 00:21,-25.38,15.6,NOMINAL,False,SKIDOO-01,-69.78,39.65,0.0,0.0,91.66666666666666,98.0,19.6,AVAILABLE
21,Day 01 00:21,-25.38,15.6,NOMINAL,False,SKIDOO-02,-69.75,39.58,0.0,0.0,96.66666666666667,99.0,19.6,AVAILABLE
21,Day 01 00:21,-25.38,15.6,NOMINAL,False,BULLY-01,-69.75,39.58,0.0,0.0,91.42857142857143,100.0,19.6,AVAILABLE
22,Day 01 00:22,-25.6,14.3,NOMINAL,False,HELI-01,-69.75,39.58,0.0,0.0,92.85714285714286,100.0,19.5,AVAILABLE
22,Day 01 00:22,-25.6,14.3,NOMINAL,False,VEH-01-SNOWCAT,-69.78,39.65,0.0,137.3,93.852,99.84,79.9,AVAILABLE
22,Day 01 00:22,-25.6,14.3,NOMINAL,False,VEH-02-SNOWCAT,-69.75,39.58,0.0,0.0,100.0,100.0,19.5,AVAILABLE
22,Day 01 00:22,-25.6,14.3,NOMINAL,False,SKIDOO-01,-69.78,39.65,0.0,0.0,91.66666666666666,98.0,19.5,AVAILABLE
22,Day 01 00:22,-25.6,14.3,NOMINAL,False,SKIDOO-02,-69.75,39.58,0.0,0.0,96.66666666666667,99.0,19.5,AVAILABLE
22,Day 01 00:22,-25.6,14.3,NOMINAL,False,BULLY-01,-69.75,39.58,0.0,0.0,91.42857142857143,100.0,19.5,AVAILABLE
23,Day 01 00:23,-25.54,13.4,NOMINAL,False,HELI-01,-69.75,39.58,0.0,0.0,92.85714285714286,100.0,19.4,AVAILABLE
23,Day 01 00:23,-25.54,13.4,NOMINAL,False,VEH-01-SNOWCAT,-69.78,39.65,0.0,137.3,93.852,99.84,79.7,AVAILABLE
23,Day 01 00:23,-25.54,13.4,NOMINAL,False,VEH-02-SNOWCAT,-69.75,39.58,0.0,0.0,100.0,100.0,19.4,AVAILABLE
23,Day 01 00:23,-25.54,13.4,NOMINAL,False,SKIDOO-01,-69.78,39.65,0.0,0.0,91.66666666666666,98.0,19.4,AVAILABLE
23,Day 01 00:23,-25.54,13.4,NOMINAL,False,SKIDOO-02,-69.75,39.58,0.0,0.0,96.66666666666667,99.0,19.4,AVAILABLE
23,Day 01 00:23,-25.54,13.4,NOMINAL,False,BULLY-01,-69.75,39.58,0.0,0.0,91.42857142857143,100.0,19.4,AVAILABLE
24,Day 01 00:24,-25.34,13.0,NOMINAL,False,HELI-01,-69.75,39.58,0.0,0.0,92.85714285714286,100.0,19.4,AVAILABLE
24,Day 01 00:24,-25.34,13.0,NOMINAL,False,VEH-01-SNOWCAT,-69.78,39.65,0.0,137.3,93.852,99.84,79.5,AVAILABLE
24,Day 01 00:24,-25.34,13.0,NOMINAL,False,VEH-02-SNOWCAT,-69.75,39.58,0.0,0.0,100.0,100.0,19.4,AVAILABLE
24,Day 01 00:24,-25.34,13.0,NOMINAL,False,SKIDOO-01,-69.78,39.65,0.0,0.0,91.66666666666666,98.0,19.4,AVAILABLE
24,Day 01 00:24,-25.34,13.0,NOMINAL,False,SKIDOO-02,-69.75,39.58,0.0,0.0,96.66666666666667,99.0,19.4,AVAILABLE
24,Day 01 00:24,-25.34,13.0,NOMINAL,False,BULLY-01,-69.75,39.58,0.0,0.0,91.42857142857143,100.0,19.4,AVAILABLE
25,Day 01 00:25,-25.48,12.8,NOMINAL,False,HELI-01,-69.75,39.58,0.0,0.0,92.85714285714286,100.0,19.4,AVAILABLE
25,Day 01 00:25,-25.48,12.8,NOMINAL,False,VEH-01-SNOWCAT,-69.78,39.65,0.0,137.3,93.852,99.84,79.4,AVAILABLE
25,Day 01 00:25,-25.48,12.8,NOMINAL,False,VEH-02-SNOWCAT,-69.75,39.58,0.0,0.0,100.0,100.0,19.4,AVAILABLE
25,Day 01 00:25,-25.48,12.8,NOMINAL,False,SKIDOO-01,-69.78,39.65,0.0,0.0,91.66666666666666,98.0,19.4,AVAILABLE
25,Day 01 00:25,-25.48,12.8,NOMINAL,False,SKIDOO-02,-69.75,39.58,0.0,0.0,96.66666666666667,99.0,19.4,AVAILABLE
25,Day 01 00:25,-25.48,12.8,NOMINAL,False,BULLY-01,-69.75,39.58,0.0,0.0,91.42857142857143,100.0,19.4,AVAILABLE
26,Day 01 00:26,-25.53,13.6,NOMINAL,False,HELI-01,-69.75,39.58,0.0,0.0,92.85714285714286,100.0,19.4,AVAILABLE
26,Day 01 00:26,-25.53,13.6,NOMINAL,False,VEH-01-SNOWCAT,-69.78,39.65,0.0,137.3,93.852,99.84,79.3,AVAILABLE
26,Day 01 00:26,-25.53,13.6,NOMINAL,False,VEH-02-SNOWCAT,-69.75,39.58,0.0,0.0,100.0,100.0,19.4,AVAILABLE
26,Day 01 00:26,-25.53,13.6,NOMINAL,False,SKIDOO-01,-69.78,39.65,0.0,0.0,91.66666666666666,98.0,19.4,AVAILABLE
26,Day 01 00:26,-25.53,13.6,NOMINAL,False,SKIDOO-02,-69.75,39.58,0.0,0.0,96.66666666666667,99.0,19.4,AVAILABLE
26,Day 01 00:26,-25.53,13.6,NOMINAL,False,BULLY-01,-69.75,39.58,0.0,0.0,91.42857142857143,100.0,19.4,AVAILABLE
27,Day 01 00:27,-25.46,13.8,NOMINAL,False,HELI-01,-69.75,39.58,0.0,0.0,92.85714285714286,100.0,19.4,AVAILABLE
27,Day 01 00:27,-25.46,13.8,NOMINAL,False,VEH-01-SNOWCAT,-69.78,39.65,0.0,137.3,93.852,99.84,79.2,AVAILABLE
27,Day 01 00:27,-25.46,13.8,NOMINAL,False,VEH-02-SNOWCAT,-69.75,39.58,0.0,0.0,100.0,100.0,19.4,AVAILABLE
27,Day 01 00:27,-25.46,13.8,NOMINAL,False,SKIDOO-01,-69.78,39.65,0.0,0.0,91.66666666666666,98.0,19.4,AVAILABLE
27,Day 01 00:27,-25.46,13.8,NOMINAL,False,SKIDOO-02,-69.75,39.58,0.0,0.0,96.66666666666667,99.0,19.4,AVAILABLE
27,Day 01 00:27,-25.46,13.8,NOMINAL,False,BULLY-01,-69.75,39.58,0.0,0.0,91.42857142857143,100.0,19.4,AVAILABLE
28,Day 01 00:28,-25.68,13.9,NOMINAL,False,HELI-01,-69.75,39.58,0.0,0.0,92.85714285714286,100.0,19.3,AVAILABLE
28,Day 01 00:28,-25.68,13.9,NOMINAL,False,VEH-01-SNOWCAT,-69.78,39.65,0.0,137.3,93.852,99.84,79.1,AVAILABLE
28,Day 01 00:28,-25.68,13.9,NOMINAL,False,VEH-02-SNOWCAT,-69.75,39.58,0.0,0.0,100.0,100.0,19.3,AVAILABLE
28,Day 01 00:28,-25.68,13.9,NOMINAL,False,SKIDOO-01,-69.78,39.65,0.0,0.0,91.66666666666666,98.0,19.3,AVAILABLE
28,Day 01 00:28,-25.68,13.9,NOMINAL,False,SKIDOO-02,-69.75,39.58,0.0,0.0,96.66666666666667,99.0,19.3,AVAILABLE
28,Day 01 00:28,-25.68,13.9,NOMINAL,False,BULLY-01,-69.75,39.58,0.0,0.0,91.42857142857143,100.0,19.3,AVAILABLE
29,Day 01 00:29,-25.64,13.9,NOMINAL,False,HELI-01,-69.75,39.58,0.0,0.0,92.85714285714286,100.0,19.3,AVAILABLE
29,Day 01 00:29,-25.64,13.9,NOMINAL,False,VEH-01-SNOWCAT,-69.78,39.65,0.0,137.3,93.852,99.84,79.0,AVAILABLE
29,Day 01 00:29,-25.64,13.9,NOMINAL,False,VEH-02-SNOWCAT,-69.75,39.58,0.0,0.0,100.0,100.0,19.3,AVAILABLE
29,Day 01 00:29,-25.64,13.9,NOMINAL,False,SKIDOO-01,-69.78,39.65,0.0,0.0,91.66666666666666,98.0,19.3,AVAILABLE
29,Day 01 00:29,-25.64,13.9,NOMINAL,False,SKIDOO-02,-69.75,39.58,0.0,0.0,96.66666666666667,99.0,19.3,AVAILABLE
29,Day 01 00:29,-25.64,13.9,NOMINAL,False,BULLY-01,-69.75,39.58,0.0,0.0,91.42857142857143,100.0,19.3,AVAILABLE
30,Day 01 00:30,-25.68,12.9,NOMINAL,False,HELI-01,-69.75,39.58,0.0,0.0,92.85714285714286,100.0,19.3,AVAILABLE
30,Day 01 00:30,-25.68,12.9,NOMINAL,False,VEH-01-SNOWCAT,-69.78,39.65,0.0,137.3,93.852,99.84,78.9,AVAILABLE
30,Day 01 00:30,-25.68,12.9,NOMINAL,False,VEH-02-SNOWCAT,-69.75,39.58,0.0,0.0,100.0,100.0,19.3,AVAILABLE
30,Day 01 00:30,-25.68,12.9,NOMINAL,False,SKIDOO-01,-69.78,39.65,0.0,0.0,91.66666666666666,98.0,19.3,AVAILABLE
30,Day 01 00:30,-25.68,12.9,NOMINAL,False,SKIDOO-02,-69.75,39.58,0.0,0.0,96.66666666666667,99.0,19.3,AVAILABLE
30,Day 01 00:30,-25.68,12.9,NOMINAL,False,BULLY-01,-69.75,39.58,0.0,0.0,91.42857142857143,100.0,19.3,AVAILABLE
31,Day 01 00:31,-25.65,14.3,NOMINAL,False,HELI-01,-69.75,39.58,0.0,0.0,92.85714285714286,100.0,19.3,AVAILABLE
31,Day 01 00:31,-25.65,14.3,NOMINAL,False,VEH-01-SNOWCAT,-69.78,39.65,0.0,137.3,93.852,99.84,78.8,AVAILABLE
31,Day 01 00:31,-25.65,14.3,NOMINAL,False,VEH-02-SNOWCAT,-69.75,39.58,0.0,0.0,100.0,100.0,19.3,AVAILABLE
31,Day 01 00:31,-25.65,14.3,NOMINAL,False,SKIDOO-01,-69.78,39.65,0.0,0.0,91.66666666666666,98.0,19.3,AVAILABLE
31,Day 01 00:31,-25.65,14.3,NOMINAL,False,SKIDOO-02,-69.75,39.58,0.0,0.0,96.66666666666667,99.0,19.3,AVAILABLE
31,Day 01 00:31,-25.65,14.3,NOMINAL,False,BULLY-01,-69.75,39.58,0.0,0.0,91.42857142857143,100.0,19.3,AVAILABLE
32,Day 01 00:32,-25.6,15.8,NOMINAL,False,HELI-01,-69.75,39.58,0.0,0.0,92.85714285714286,100.0,19.3,AVAILABLE
32,Day 01 00:32,-25.6,15.8,NOMINAL,False,VEH-01-SNOWCAT,-69.78,39.65,0.0,137.3,93.852,99.84,78.7,AVAILABLE
32,Day 01 00:32,-25.6,15.8,NOMINAL,False,VEH-02-SNOWCAT,-69.75,39.58,0.0,0.0,100.0,100.0,19.3,AVAILABLE
32,Day 01 00:32,-25.6,15.8,NOMINAL,False,SKIDOO-01,-69.78,39.65,0.0,0.0,91.66666666666666,98.0,19.3,AVAILABLE
32,Day 01 00:32,-25.6,15.8,NOMINAL,False,SKIDOO-02,-69.75,39.58,0.0,0.0,96.66666666666667,99.0,19.3,AVAILABLE
32,Day 01 00:32,-25.6,15.8,NOMINAL,False,BULLY-01,-69.75,39.58,0.0,0.0,91.42857142857143,100.0,19.3,AVAILABLE
33,Day 01 00:33,-25.7,14.9,NOMINAL,False,HELI-01,-69.75,39.58,0.0,0.0,92.85714285714286,100.0,19.2,AVAILABLE
33,Day 01 00:33,-25.7,14.9,NOMINAL,False,VEH-01-SNOWCAT,-69.78,39.65,0.0,137.3,93.852,99.84,78.6,AVAILABLE
33,Day 01 00:33,-25.7,14.9,NOMINAL,False,VEH-02-SNOWCAT,-69.75,39.58,0.0,0.0,100.0,100.0,19.2,AVAILABLE
33,Day 01 00:33,-25.7,14.9,NOMINAL,False,SKIDOO-01,-69.78,39.65,0.0,0.0,91.66666666666666,98.0,19.2,AVAILABLE
33,Day 01 00:33,-25.7,14.9,NOMINAL,False,SKIDOO-02,-69.75,39.58,0.0,0.0,96.66666666666667,99.0,19.2,AVAILABLE
33,Day 01 00:33,-25.7,14.9,NOMINAL,False,BULLY-01,-69.75,39.58,0.0,0.0,91.42857142857143,100.0,19.2,AVAILABLE
34,Day 01 00:34,-25.91,15.5,NOMINAL,False,HELI-01,-69.75,39.58,0.0,0.0,92.85714285714286,100.0,19.1,AVAILABLE
34,Day 01 00:34,-25.91,15.5,NOMINAL,False,VEH-01-SNOWCAT,-69.78,39.65,0.0,137.3,93.852,99.84,78.5,AVAILABLE
34,Day 01 00:34,-25.91,15.5,NOMINAL,False,VEH-02-SNOWCAT,-69.75,39.58,0.0,0.0,100.0,100.0,19.1,AVAILABLE
34,Day 01 00:34,-25.91,15.5,NOMINAL,False,SKIDOO-01,-69.78,39.65,0.0,0.0,91.66666666666666,98.0,19.1,AVAILABLE
34,Day 01 00:34,-25.91,15.5,NOMINAL,False,SKIDOO-02,-69.75,39.58,0.0,0.0,96.66666666666667,99.0,19.1,AVAILABLE
34,Day 01 00:34,-25.91,15.5,NOMINAL,False,BULLY-01,-69.75,39.58,0.0,0.0,91.42857142857143,100.0,19.1,AVAILABLE
35,Day 01 00:35,-26.13,14.5,NOMINAL,False,HELI-01,-69.75,39.58,0.0,0.0,92.85714285714286,100.0,19.0,AVAILABLE
35,Day 01 00:35,-26.13,14.5,NOMINAL,False,VEH-01-SNOWCAT,-69.78,39.65,0.0,137.3,93.852,99.84,78.4,AVAILABLE
35,Day 01 00:35,-26.13,14.5,NOMINAL,False,VEH-02-SNOWCAT,-69.75,39.58,0.0,0.0,100.0,100.0,19.0,AVAILABLE
35,Day 01 00:35,-26.13,14.5,NOMINAL,False,SKIDOO-01,-69.78,39.65,0.0,0.0,91.66666666666666,98.0,19.0,AVAILABLE
35,Day 01 00:35,-26.13,14.5,NOMINAL,False,SKIDOO-02,-69.75,39.58,0.0,0.0,96.66666666666667,99.0,19.0,AVAILABLE
35,Day 01 00:35,-26.13,14.5,NOMINAL,False,BULLY-01,-69.75,39.58,0.0,0.0,91.42857142857143,100.0,19.0,AVAILABLE
36,Day 01 00:36,-26.0,16.5,NOMINAL,False,HELI-01,-69.75,39.58,0.0,0.0,92.85714285714286,100.0,18.9,AVAILABLE
36,Day 01 00:36,-26.0,16.5,NOMINAL,False,VEH-01-SNOWCAT,-69.78,39.65,0.0,137.3,93.852,99.84,78.3,AVAILABLE
36,Day 01 00:36,-26.0,16.5,NOMINAL,False,VEH-02-SNOWCAT,-69.75,39.58,0.0,0.0,100.0,100.0,18.9,AVAILABLE
36,Day 01 00:36,-26.0,16.5,NOMINAL,False,SKIDOO-01,-69.78,39.65,0.0,0.0,91.66666666666666,98.0,18.9,AVAILABLE
36,Day 01 00:36,-26.0,16.5,NOMINAL,False,SKIDOO-02,-69.75,39.58,0.0,0.0,96.66666666666667,99.0,18.9,AVAILABLE
36,Day 01 00:36,-26.0,16.5,NOMINAL,False,BULLY-01,-69.75,39.58,0.0,0.0,91.42857142857143,100.0,18.9,AVAILABLE
37,Day 01 00:37,-25.94,15.5,NOMINAL,False,HELI-01,-69.75,39.58,0.0,0.0,92.85714285714286,100.0,18.9,AVAILABLE
37,Day 01 00:37,-25.94,15.5,NOMINAL,False,VEH-01-SNOWCAT,-69.78,39.65,0.0,137.3,93.852,99.84,78.2,AVAILABLE
37,Day 01 00:37,-25.94,15.5,NOMINAL,False,VEH-02-SNOWCAT,-69.75,39.58,0.0,0.0,100.0,100.0,18.9,AVAILABLE
37,Day 01 00:37,-25.94,15.5,NOMINAL,False,SKIDOO-01,-69.78,39.65,0.0,0.0,91.66666666666666,98.0,18.9,AVAILABLE
37,Day 01 00:37,-25.94,15.5,NOMINAL,False,SKIDOO-02,-69.75,39.58,0.0,0.0,96.66666666666667,99.0,18.9,AVAILABLE
37,Day 01 00:37,-25.94,15.5,NOMINAL,False,BULLY-01,-69.75,39.58,0.0,0.0,91.42857142857143,100.0,18.9,AVAILABLE
38,Day 01 00:38,-25.9,14.7,NOMINAL,False,HELI-01,-69.75,39.58,0.0,0.0,92.85714285714286,100.0,18.9,AVAILABLE
38,Day 01 00:38,-25.9,14.7,NOMINAL,False,VEH-01-SNOWCAT,-69.78,39.65,0.0,137.3,93.852,99.84,78.1,AVAILABLE
38,Day 01 00:38,-25.9,14.7,NOMINAL,False,VEH-02-SNOWCAT,-69.75,39.58,0.0,0.0,100.0,100.0,18.9,AVAILABLE
38,Day 01 00:38,-25.9,14.7,NOMINAL,False,SKIDOO-01,-69.78,39.65,0.0,0.0,91.66666666666666,98.0,18.9,AVAILABLE
38,Day 01 00:38,-25.9,14.7,NOMINAL,False,SKIDOO-02,-69.75,39.58,0.0,0.0,96.66666666666667,99.0,18.9,AVAILABLE
38,Day 01 00:38,-25.9,14.7,NOMINAL,False,BULLY-01,-69.75,39.58,0.0,0.0,91.42857142857143,100.0,18.9,AVAILABLE
39,Day 01 00:39,-25.99,14.6,NOMINAL,False,HELI-01,-69.75,39.58,0.0,0.0,92.85714285714286,100.0,18.9,AVAILABLE
39,Day 01 00:39,-25.99,14.6,NOMINAL,False,VEH-01-SNOWCAT,-69.78,39.65,0.0,137.3,93.852,99.84,78.0,AVAILABLE
39,Day 01 00:39,-25.99,14.6,NOMINAL,False,VEH-02-SNOWCAT,-69.75,39.58,0.0,0.0,100.0,100.0,18.9,AVAILABLE
39,Day 01 00:39,-25.99,14.6,NOMINAL,False,SKIDOO-01,-69.78,39.65,0.0,0.0,91.66666666666666,98.0,18.9,AVAILABLE
39,Day 01 00:39,-25.99,14.6,NOMINAL,False,SKIDOO-02,-69.75,39.58,0.0,0.0,96.66666666666667,99.0,18.9,AVAILABLE
39,Day 01 00:39,-25.99,14.6,NOMINAL,False,BULLY-01,-69.75,39.58,0.0,0.0,91.42857142857143,100.0,18.9,AVAILABLE
40,Day 01 00:40,-25.97,14.4,NOMINAL,True,HELI-01,-69.75,39.58,0.0,0.0,92.85714285714286,100.0,18.9,AVAILABLE
40,Day 01 00:40,-25.97,14.4,NOMINAL,True,VEH-01-SNOWCAT,-69.78,39.65,0.0,137.3,93.852,99.84,77.9,AVAILABLE
40,Day 01 00:40,-25.97,14.4,NOMINAL,True,VEH-02-SNOWCAT,-69.75,39.58,0.0,0.0,100.0,100.0,18.9,AVAILABLE
40,Day 01 00:40,-25.97,14.4,NOMINAL,True,SKIDOO-01,-69.78,39.65,0.0,0.0,91.66666666666666,98.0,18.9,AVAILABLE
40,Day 01 00:40,-25.97,14.4,NOMINAL,True,SKIDOO-02,-69.75,39.58,0.0,0.0,96.66666666666667,99.0,18.9,AVAILABLE
40,Day 01 00:40,-25.97,14.4,NOMINAL,True,BULLY-01,-69.75,39.58,0.0,0.0,91.42857142857143,100.0,18.9,AVAILABLE
41,Day 01 00:41,-26.22,13.9,NOMINAL,True,HELI-01,-69.75,39.58,0.0,0.0,92.85714285714286,100.0,18.8,AVAILABLE
41,Day 01 00:41,-26.22,13.9,NOMINAL,True,VEH-01-SNOWCAT,-69.78,39.65,0.0,137.3,93.852,99.84,77.8,AVAILABLE
41,Day 01 00:41,-26.22,13.9,NOMINAL,True,VEH-02-SNOWCAT,-69.75,39.58,0.0,0.0,100.0,100.0,18.8,AVAILABLE
41,Day 01 00:41,-26.22,13.9,NOMINAL,True,SKIDOO-01,-69.78,39.65,0.0,0.0,91.66666666666666,98.0,18.8,AVAILABLE
41,Day 01 00:41,-26.22,13.9,NOMINAL,True,SKIDOO-02,-69.75,39.58,0.0,0.0,96.66666666666667,99.0,18.8,AVAILABLE
41,Day 01 00:41,-26.22,13.9,NOMINAL,True,BULLY-01,-69.75,39.58,0.0,0.0,91.42857142857143,100.0,18.8,AVAILABLE
42,Day 01 00:42,-25.95,14.0,NOMINAL,True,HELI-01,-69.75,39.58,0.0,0.0,92.85714285714286,100.0,18.8,AVAILABLE
42,Day 01 00:42,-25.95,14.0,NOMINAL,True,VEH-01-SNOWCAT,-69.78,39.65,0.0,137.3,93.852,99.84,77.7,AVAILABLE
42,Day 01 00:42,-25.95,14.0,NOMINAL,True,VEH-02-SNOWCAT,-69.75,39.58,0.0,0.0,100.0,100.0,18.8,AVAILABLE
42,Day 01 00:42,-25.95,14.0,NOMINAL,True,SKIDOO-01,-69.78,39.65,0.0,0.0,91.66666666666666,98.0,18.8,AVAILABLE
42,Day 01 00:42,-25.95,14.0,NOMINAL,True,SKIDOO-02,-69.75,39.58,0.0,0.0,96.66666666666667,99.0,18.8,AVAILABLE
42,Day 01 00:42,-25.95,14.0,NOMINAL,True,BULLY-01,-69.75,39.58,0.0,0.0,91.42857142857143,100.0,18.8,AVAILABLE
43,Day 01 00:43,-26.02,12.8,NOMINAL,True,HELI-01,-69.75,39.58,0.0,0.0,92.85714285714286,100.0,18.8,AVAILABLE
43,Day 01 00:43,-26.02,12.8,NOMINAL,True,VEH-01-SNOWCAT,-69.78,39.65,0.0,137.3,93.852,99.84,77.6,AVAILABLE
43,Day 01 00:43,-26.02,12.8,NOMINAL,True,VEH-02-SNOWCAT,-69.75,39.58,0.0,0.0,100.0,100.0,18.8,AVAILABLE
43,Day 01 00:43,-26.02,12.8,NOMINAL,True,SKIDOO-01,-69.78,39.65,0.0,0.0,91.66666666666666,98.0,18.8,AVAILABLE
43,Day 01 00:43,-26.02,12.8,NOMINAL,True,SKIDOO-02,-69.75,39.58,0.0,0.0,96.66666666666667,99.0,18.8,AVAILABLE
43,Day 01 00:43,-26.02,12.8,NOMINAL,True,BULLY-01,-69.75,39.58,0.0,0.0,91.42857142857143,100.0,18.8,AVAILABLE
44,Day 01 00:44,-26.13,14.9,NOMINAL,True,HELI-01,-69.75,39.58,0.0,0.0,92.85714285714286,100.0,18.8,AVAILABLE
44,Day 01 00:44,-26.13,14.9,NOMINAL,True,VEH-01-SNOWCAT,-69.78,39.65,0.0,137.3,93.852,99.84,77.5,AVAILABLE
44,Day 01 00:44,-26.13,14.9,NOMINAL,True,VEH-02-SNOWCAT,-69.75,39.58,0.0,0.0,100.0,100.0,18.8,AVAILABLE
44,Day 01 00:44,-26.13,14.9,NOMINAL,True,SKIDOO-01,-69.78,39.65,0.0,0.0,91.66666666666666,98.0,18.8,AVAILABLE
44,Day 01 00:44,-26.13,14.9,NOMINAL,True,SKIDOO-02,-69.75,39.58,0.0,0.0,96.66666666666667,99.0,18.8,AVAILABLE
44,Day 01 00:44,-26.13,14.9,NOMINAL,True,BULLY-01,-69.75,39.58,0.0,0.0,91.42857142857143,100.0,18.8,AVAILABLE
45,Day 01 00:45,-26.0,14.0,NOMINAL,True,HELI-01,-69.75,39.58,0.0,0.0,92.85714285714286,100.0,18.8,AVAILABLE
45,Day 01 00:45,-26.0,14.0,NOMINAL,True,VEH-01-SNOWCAT,-69.78,39.65,0.0,137.3,93.852,99.84,77.4,AVAILABLE
45,Day 01 00:45,-26.0,14.0,NOMINAL,True,VEH-02-SNOWCAT,-69.75,39.58,0.0,0.0,100.0,100.0,18.8,AVAILABLE
45,Day 01 00:45,-26.0,14.0,NOMINAL,True,SKIDOO-01,-69.78,39.65,0.0,0.0,91.66666666666666,98.0,18.8,AVAILABLE
45,Day 01 00:45,-26.0,14.0,NOMINAL,True,SKIDOO-02,-69.75,39.58,0.0,0.0,96.66666666666667,99.0,18.8,AVAILABLE
45,Day 01 00:45,-26.0,14.0,NOMINAL,True,BULLY-01,-69.75,39.58,0.0,0.0,91.42857142857143,100.0,18.8,AVAILABLE
46,Day 01 00:46,-25.94,13.8,NOMINAL,True,HELI-01,-69.75,39.58,0.0,0.0,92.85714285714286,100.0,18.8,AVAILABLE
46,Day 01 00:46,-25.94,13.8,NOMINAL,True,VEH-01-SNOWCAT,-69.78,39.65,0.0,137.3,93.852,99.84,77.3,AVAILABLE
46,Day 01 00:46,-25.94,13.8,NOMINAL,True,VEH-02-SNOWCAT,-69.75,39.58,0.0,0.0,100.0,100.0,18.8,AVAILABLE
46,Day 01 00:46,-25.94,13.8,NOMINAL,True,SKIDOO-01,-69.78,39.65,0.0,0.0,91.66666666666666,98.0,18.8,AVAILABLE
46,Day 01 00:46,-25.94,13.8,NOMINAL,True,SKIDOO-02,-69.75,39.58,0.0,0.0,96.66666666666667,99.0,18.8,AVAILABLE
46,Day 01 00:46,-25.94,13.8,NOMINAL,True,BULLY-01,-69.75,39.58,0.0,0.0,91.42857142857143,100.0,18.8,AVAILABLE
47,Day 01 00:47,-26.04,14.2,NOMINAL,True,HELI-01,-69.75,39.58,0.0,0.0,92.85714285714286,100.0,18.8,AVAILABLE
47,Day 01 00:47,-26.04,14.2,NOMINAL,True,VEH-01-SNOWCAT,-69.78,39.65,0.0,137.3,93.852,99.84,77.2,AVAILABLE
47,Day 01 00:47,-26.04,14.2,NOMINAL,True,VEH-02-SNOWCAT,-69.75,39.58,0.0,0.0,100.0,100.0,18.8,AVAILABLE
47,Day 01 00:47,-26.04,14.2,NOMINAL,True,SKIDOO-01,-69.78,39.65,0.0,0.0,91.66666666666666,98.0,18.8,AVAILABLE
47,Day 01 00:47,-26.04,14.2,NOMINAL,True,SKIDOO-02,-69.75,39.58,0.0,0.0,96.66666666666667,99.0,18.8,AVAILABLE
47,Day 01 00:47,-26.04,14.2,NOMINAL,True,BULLY-01,-69.75,39.58,0.0,0.0,91.42857142857143,100.0,18.8,AVAILABLE
48,Day 01 00:48,-26.22,12.9,NOMINAL,True,HELI-01,-69.75,39.58,0.0,0.0,92.85714285714286,100.0,18.7,AVAILABLE
48,Day 01 00:48,-26.22,12.9,NOMINAL,True,VEH-01-SNOWCAT,-69.78,39.65,0.0,137.3,93.852,99.84,77.1,AVAILABLE
48,Day 01 00:48,-26.22,12.9,NOMINAL,True,VEH-02-SNOWCAT,-69.75,39.58,0.0,0.0,100.0,100.0,18.7,AVAILABLE
48,Day 01 00:48,-26.22,12.9,NOMINAL,True,SKIDOO-01,-69.78,39.65,0.0,0.0,91.66666666666666,98.0,18.7,AVAILABLE
48,Day 01 00:48,-26.22,12.9,NOMINAL,True,SKIDOO-02,-69.75,39.58,0.0,0.0,96.66666666666667,99.0,18.7,AVAILABLE
48,Day 01 00:48,-26.22,12.9,NOMINAL,True,BULLY-01,-69.75,39.58,0.0,0.0,91.42857142857143,100.0,18.7,AVAILABLE
49,Day 01 00:49,-25.98,13.1,NOMINAL,True,HELI-01,-69.75,39.58,0.0,0.0,92.85714285714286,100.0,18.7,AVAILABLE
49,Day 01 00:49,-25.98,13.1,NOMINAL,True,VEH-01-SNOWCAT,-69.78,39.65,0.0,137.3,93.852,99.84,77.0,AVAILABLE
49,Day 01 00:49,-25.98,13.1,NOMINAL,True,VEH-02-SNOWCAT,-69.75,39.58,0.0,0.0,100.0,100.0,18.7,AVAILABLE
49,Day 01 00:49,-25.98,13.1,NOMINAL,True,SKIDOO-01,-69.78,39.65,0.0,0.0,91.66666666666666,98.0,18.7,AVAILABLE
49,Day 01 00:49,-25.98,13.1,NOMINAL,True,SKIDOO-02,-69.75,39.58,0.0,0.0,96.66666666666667,99.0,18.7,AVAILABLE
49,Day 01 00:49,-25.98,13.1,NOMINAL,True,BULLY-01,-69.75,39.58,0.0,0.0,91.42857142857143,100.0,18.7,AVAILABLE
50,Day 01 00:50,-25.94,14.4,NOMINAL,True,HELI-01,-69.75,39.58,0.0,0.0,92.85714285714286,100.0,18.7,AVAILABLE
50,Day 01 00:50,-25.94,14.4,NOMINAL,True,VEH-01-SNOWCAT,-69.78,39.65,0.0,137.3,93.852,99.84,76.9,AVAILABLE
50,Day 01 00:50,-25.94,14.4,NOMINAL,True,VEH-02-SNOWCAT,-69.75,39.58,0.0,0.0,100.0,100.0,18.7,AVAILABLE
50,Day 01 00:50,-25.94,14.4,NOMINAL,True,SKIDOO-01,-69.78,39.65,0.0,0.0,91.66666666666666,98.0,18.7,AVAILABLE
50,Day 01 00:50,-25.94,14.4,NOMINAL,True,SKIDOO-02,-69.75,39.58,0.0,0.0,96.66666666666667,99.0,18.7,AVAILABLE
50,Day 01 00:50,-25.94,14.4,NOMINAL,True,BULLY-01,-69.75,39.58,0.0,0.0,91.42857142857143,100.0,18.7,AVAILABLE
51,Day 01 00:51,-26.0,15.5,NOMINAL,True,HELI-01,-69.75,39.58,0.0,0.0,92.85714285714286,100.0,18.7,AVAILABLE
51,Day 01 00:51,-26.0,15.5,NOMINAL,True,VEH-01-SNOWCAT,-69.78,39.65,0.0,137.3,93.852,99.84,76.8,AVAILABLE
51,Day 01 00:51,-26.0,15.5,NOMINAL,True,VEH-02-SNOWCAT,-69.75,39.58,0.0,0.0,100.0,100.0,18.7,AVAILABLE
51,Day 01 00:51,-26.0,15.5,NOMINAL,True,SKIDOO-01,-69.78,39.65,0.0,0.0,91.66666666666666,98.0,18.7,AVAILABLE
51,Day 01 00:51,-26.0,15.5,NOMINAL,True,SKIDOO-02,-69.75,39.58,0.0,0.0,96.66666666666667,99.0,18.7,AVAILABLE
51,Day 01 00:51,-26.0,15.5,NOMINAL,True,BULLY-01,-69.75,39.58,0.0,0.0,91.42857142857143,100.0,18.7,AVAILABLE
52,Day 01 00:52,-25.77,15.7,NOMINAL,True,HELI-01,-69.75,39.58,0.0,0.0,92.85714285714286,100.0,18.7,AVAILABLE
52,Day 01 00:52,-25.77,15.7,NOMINAL,True,VEH-01-SNOWCAT,-69.78,39.65,0.0,137.3,93.852,99.84,76.7,AVAILABLE
52,Day 01 00:52,-25.77,15.7,NOMINAL,True,VEH-02-SNOWCAT,-69.75,39.58,0.0,0.0,100.0,100.0,18.7,AVAILABLE
52,Day 01 00:52,-25.77,15.7,NOMINAL,True,SKIDOO-01,-69.78,39.65,0.0,0.0,91.66666666666666,98.0,18.7,AVAILABLE
52,Day 01 00:52,-25.77,15.7,NOMINAL,True,SKIDOO-02,-69.75,39.58,0.0,0.0,96.66666666666667,99.0,18.7,AVAILABLE
52,Day 01 00:52,-25.77,15.7,NOMINAL,True,BULLY-01,-69.75,39.58,0.0,0.0,91.42857142857143,100.0,18.7,AVAILABLE
53,Day 01 00:53,-25.97,17.3,NOMINAL,True,HELI-01,-69.75,39.58,0.0,0.0,92.85714285714286,100.0,18.7,AVAILABLE
53,Day 01 00:53,-25.97,17.3,NOMINAL,True,VEH-01-SNOWCAT,-69.78,39.65,0.0,137.3,93.852,99.84,76.6,AVAILABLE
53,Day 01 00:53,-25.97,17.3,NOMINAL,True,VEH-02-SNOWCAT,-69.75,39.58,0.0,0.0,100.0,100.0,18.7,AVAILABLE
53,Day 01 00:53,-25.97,17.3,NOMINAL,True,SKIDOO-01,-69.78,39.65,0.0,0.0,91.66666666666666,98.0,18.7,AVAILABLE
53,Day 01 00:53,-25.97,17.3,NOMINAL,True,SKIDOO-02,-69.75,39.58,0.0,0.0,96.66666666666667,99.0,18.7,AVAILABLE
53,Day 01 00:53,-25.97,17.3,NOMINAL,True,BULLY-01,-69.75,39.58,0.0,0.0,91.42857142857143,100.0,18.7,AVAILABLE
54,Day 01 00:54,-26.0,16.9,NOMINAL,True,HELI-01,-69.75,39.58,0.0,0.0,92.85714285714286,100.0,18.7,AVAILABLE
54,Day 01 00:54,-26.0,16.9,NOMINAL,True,VEH-01-SNOWCAT,-69.78,39.65,0.0,137.3,93.852,99.84,76.5,AVAILABLE
54,Day 01 00:54,-26.0,16.9,NOMINAL,True,VEH-02-SNOWCAT,-69.75,39.58,0.0,0.0,100.0,100.0,18.7,AVAILABLE
54,Day 01 00:54,-26.0,16.9,NOMINAL,True,SKIDOO-01,-69.78,39.65,0.0,0.0,91.66666666666666,98.0,18.7,AVAILABLE
54,Day 01 00:54,-26.0,16.9,NOMINAL,True,SKIDOO-02,-69.75,39.58,0.0,0.0,96.66666666666667,99.0,18.7,AVAILABLE
54,Day 01 00:54,-26.0,16.9,NOMINAL,True,BULLY-01,-69.75,39.58,0.0,0.0,91.42857142857143,100.0,18.7,AVAILABLE
55,Day 01 00:55,-26.17,16.0,NOMINAL,True,HELI-01,-69.75,39.58,0.0,0.0,92.85714285714286,100.0,18.7,AVAILABLE
55,Day 01 00:55,-26.17,16.0,NOMINAL,True,VEH-01-SNOWCAT,-69.78,39.65,0.0,137.3,93.852,99.84,76.4,AVAILABLE
55,Day 01 00:55,-26.17,16.0,NOMINAL,True,VEH-02-SNOWCAT,-69.75,39.58,0.0,0.0,100.0,100.0,18.7,AVAILABLE
55,Day 01 00:55,-26.17,16.0,NOMINAL,True,SKIDOO-01,-69.78,39.65,0.0,0.0,91.66666666666666,98.0,18.7,AVAILABLE
55,Day 01 00:55,-26.17,16.0,NOMINAL,True,SKIDOO-02,-69.75,39.58,0.0,0.0,96.66666666666667,99.0,18.7,AVAILABLE
55,Day 01 00:55,-26.17,16.0,NOMINAL,True,BULLY-01,-69.75,39.58,0.0,0.0,91.42857142857143,100.0,18.7,AVAILABLE
56,Day 01 00:56,-26.23,16.0,NOMINAL,True,HELI-01,-69.75,39.58,0.0,0.0,92.85714285714286,100.0,18.7,AVAILABLE
56,Day 01 00:56,-26.23,16.0,NOMINAL,True,VEH-01-SNOWCAT,-69.78,39.65,0.0,137.3,93.852,99.84,76.3,AVAILABLE
56,Day 01 00:56,-26.23,16.0,NOMINAL,True,VEH-02-SNOWCAT,-69.75,39.58,0.0,0.0,100.0,100.0,18.7,AVAILABLE
56,Day 01 00:56,-26.23,16.0,NOMINAL,True,SKIDOO-01,-69.78,39.65,0.0,0.0,91.66666666666666,98.0,18.7,AVAILABLE
56,Day 01 00:56,-26.23,16.0,NOMINAL,True,SKIDOO-02,-69.75,39.58,0.0,0.0,96.66666666666667,99.0,18.7,AVAILABLE
56,Day 01 00:56,-26.23,16.0,NOMINAL,True,BULLY-01,-69.75,39.58,0.0,0.0,91.42857142857143,100.0,18.7,AVAILABLE
57,Day 01 00:57,-26.18,17.4,NOMINAL,True,HELI-01,-69.75,39.58,0.0,0.0,92.85714285714286,100.0,18.7,AVAILABLE
57,Day 01 00:57,-26.18,17.4,NOMINAL,True,VEH-01-SNOWCAT,-69.78,39.65,0.0,137.3,93.852,99.84,76.2,AVAILABLE
57,Day 01 00:57,-26.18,17.4,NOMINAL,True,VEH-02-SNOWCAT,-69.75,39.58,0.0,0.0,100.0,100.0,18.7,AVAILABLE
57,Day 01 00:57,-26.18,17.4,NOMINAL,True,SKIDOO-01,-69.78,39.65,0.0,0.0,91.66666666666666,98.0,18.7,AVAILABLE
57,Day 01 00:57,-26.18,17.4,NOMINAL,True,SKIDOO-02,-69.75,39.58,0.0,0.0,96.66666666666667,99.0,18.7,AVAILABLE
57,Day 01 00:57,-26.18,17.4,NOMINAL,True,BULLY-01,-69.75,39.58,0.0,0.0,91.42857142857143,100.0,18.7,AVAILABLE
58,Day 01 00:58,-26.08,15.3,NOMINAL,True,HELI-01,-69.75,39.58,0.0,0.0,92.85714285714286,100.0,18.7,AVAILABLE
58,Day 01 00:58,-26.08,15.3,NOMINAL,True,VEH-01-SNOWCAT,-69.78,39.65,0.0,137.3,93.852,99.84,76.1,AVAILABLE
58,Day 01 00:58,-26.08,15.3,NOMINAL,True,VEH-02-SNOWCAT,-69.75,39.58,0.0,0.0,100.0,100.0,18.7,AVAILABLE
58,Day 01 00:58,-26.08,15.3,NOMINAL,True,SKIDOO-01,-69.78,39.65,0.0,0.0,91.66666666666666,98.0,18.7,AVAILABLE
58,Day 01 00:58,-26.08,15.3,NOMINAL,True,SKIDOO-02,-69.75,39.58,0.0,0.0,96.66666666666667,99.0,18.7,AVAILABLE
58,Day 01 00:58,-26.08,15.3,NOMINAL,True,BULLY-01,-69.75,39.58,0.0,0.0,91.42857142857143,100.0,18.7,AVAILABLE
59,Day 01 00:59,-26.21,14.1,NOMINAL,True,HELI-01,-69.75,39.58,0.0,0.0,92.85714285714286,100.0,18.7,AVAILABLE
59,Day 01 00:59,-26.21,14.1,NOMINAL,True,VEH-01-SNOWCAT,-69.78,39.65,0.0,137.3,93.852,99.84,76.0,AVAILABLE
59,Day 01 00:59,-26.21,14.1,NOMINAL,True,VEH-02-SNOWCAT,-69.75,39.58,0.0,0.0,100.0,100.0,18.7,AVAILABLE
59,Day 01 00:59,-26.21,14.1,NOMINAL,True,SKIDOO-01,-69.78,39.65,0.0,0.0,91.66666666666666,98.0,18.7,AVAILABLE
59,Day 01 00:59,-26.21,14.1,NOMINAL,True,SKIDOO-02,-69.75,39.58,0.0,0.0,96.66666666666667,99.0,18.7,AVAILABLE
59,Day 01 00:59,-26.21,14.1,NOMINAL,True,BULLY-01,-69.75,39.58,0.0,0.0,91.42857142857143,100.0,18.7,AVAILABLE
60,Day 01 01:00,-26.26,15.0,NOMINAL,True,HELI-01,-69.75,39.58,0.0,0.0,92.85714285714286,100.0,18.7,AVAILABLE
60,Day 01 01:00,-26.26,15.0,NOMINAL,True,VEH-01-SNOWCAT,-69.78,39.65,0.0,137.3,93.852,99.84,75.9,AVAILABLE
60,Day 01 01:00,-26.26,15.0,NOMINAL,True,VEH-02-SNOWCAT,-69.75,39.58,0.0,0.0,100.0,100.0,18.7,AVAILABLE
60,Day 01 01:00,-26.26,15.0,NOMINAL,True,SKIDOO-01,-69.78,39.65,0.0,0.0,91.66666666666666,98.0,18.7,AVAILABLE
60,Day 01 01:00,-26.26,15.0,NOMINAL,True,SKIDOO-02,-69.75,39.58,0.0,0.0,96.66666666666667,99.0,18.7,AVAILABLE
60,Day 01 01:00,-26.26,15.0,NOMINAL,True,BULLY-01,-69.75,39.58,0.0,0.0,91.42857142857143,100.0,18.7,AVAILABLE
